position,conservation_score,is_pocket,is_resistance,is_primary,domain
1.0,1.0,False,False,False,ABD
2.0,1.0,False,False,False,ABD
3.0,1.0,False,False,False,ABD
4.0,1.0,False,False,False,ABD
5.0,1.0,False,False,False,ABD
6.0,1.0,False,False,False,ABD
7.0,1.0,False,False,False,ABD
8.0,1.0,False,False,False,ABD
9.0,1.0,False,False,False,ABD
10.0,1.0,False,False,False,ABD
11.0,1.0,False,False,False,ABD
12.0,1.0,False,False,False,ABD
13.0,0.8914846375755116,False,False,False,ABD
14.0,1.0,False,False,False,ABD
15.0,1.0,False,False,False,ABD
16.0,1.0,False,False,False,ABD
17.0,1.0,False,False,False,ABD
18.0,1.0,False,False,False,ABD
19.0,0.8270251925965795,False,False,False,ABD
20.0,1.0,False,False,False,ABD
21.0,0.933733983808118,False,False,False,ABD
22.0,1.0,False,False,False,ABD
23.0,0.8588962399819162,False,False,False,ABD
24.0,1.0,False,False,False,ABD
25.0,1.0,False,False,False,ABD
26.0,1.0,False,False,False,ABD
27.0,1.0,False,False,False,ABD
28.0,1.0,False,False,False,ABD
29.0,1.0,False,False,False,ABD
30.0,1.0,False,False,False,ABD
31.0,0.933733983808118,False,False,False,ABD
32.0,0.8588962399819162,False,False,False,ABD
33.0,0.8683468162595356,False,False,False,ABD
34.0,1.0,False,False,False,ABD
35.0,1.0,False,False,False,ABD
36.0,1.0,False,False,False,ABD
37.0,1.0,False,False,False,ABD
38.0,1.0,False,False,False,ABD
39.0,1.0,False,False,False,ABD
40.0,1.0,False,False,False,ABD
41.0,1.0,False,False,False,ABD
42.0,1.0,False,False,False,ABD
43.0,0.6666660300712633,False,False,False,ABD
44.0,0.8588962399819162,False,False,False,ABD
45.0,0.8914846375755116,False,False,False,ABD
46.0,1.0,False,False,False,ABD
47.0,0.933733983808118,False,False,False,ABD
48.0,1.0,False,False,False,ABD
49.0,1.0,False,False,False,ABD
50.0,1.0,False,False,False,ABD
51.0,0.933733983808118,False,False,False,ABD
52.0,1.0,False,False,False,ABD
53.0,1.0,False,False,False,ABD
54.0,1.0,False,False,False,ABD
55.0,1.0,False,False,False,ABD
56.0,1.0,False,False,False,ABD
57.0,1.0,False,False,False,ABD
58.0,1.0,False,False,False,ABD
59.0,0.796088486462045,False,False,False,ABD
60.0,0.832961567375133,False,False,False,ABD
61.0,1.0,False,False,False,ABD
62.0,1.0,False,False,False,ABD
63.0,1.0,False,False,False,ABD
64.0,0.8588962399819162,False,False,False,ABD
65.0,1.0,False,False,False,ABD
66.0,0.8588962399819162,False,False,False,ABD
67.0,1.0,False,False,False,ABD
68.0,1.0,False,False,False,ABD
69.0,1.0,False,False,False,ABD
70.0,1.0,False,False,False,ABD
71.0,1.0,False,False,False,ABD
72.0,1.0,False,False,False,ABD
73.0,1.0,False,False,False,ABD
74.0,1.0,False,False,False,ABD
75.0,1.0,False,False,False,ABD
76.0,1.0,False,False,False,ABD
77.0,1.0,False,False,False,ABD
78.0,1.0,False,False,False,ABD
79.0,1.0,False,False,False,ABD
80.0,1.0,False,False,False,ABD
81.0,1.0,False,False,False,ABD
82.0,1.0,False,False,False,ABD
83.0,0.832961567375133,False,False,False,ABD
84.0,1.0,False,False,False,ABD
85.0,1.0,False,False,False,ABD
86.0,1.0,False,False,False,ABD
87.0,1.0,False,False,False,ABD
88.0,1.0,False,False,False,ABD
89.0,1.0,False,False,False,ABD
90.0,1.0,False,False,False,ABD
91.0,1.0,False,False,False,ABD
92.0,1.0,False,False,False,ABD
93.0,1.0,False,False,False,ABD
94.0,1.0,False,False,False,ABD
95.0,1.0,False,False,False,ABD
96.0,1.0,False,False,False,ABD
97.0,0.8914846375755116,False,False,False,ABD
98.0,1.0,False,False,False,ABD
99.0,1.0,False,False,False,ABD
100.0,1.0,False,False,False,ABD
101.0,1.0,False,False,False,ABD
102.0,0.933733983808118,False,False,False,ABD
103.0,1.0,False,False,False,ABD
104.0,1.0,False,False,False,ABD
105.0,1.0,False,False,False,ABD
106.0,1.0,False,False,False,ABD
107.0,1.0,False,False,False,ABD
108.0,1.0,False,False,False,ABD
109.0,1.0,False,False,False,linker
110.0,1.0,False,False,False,linker
111.0,1.0,False,False,False,linker
112.0,1.0,False,False,False,linker
113.0,1.0,False,False,False,linker
114.0,0.933733983808118,False,False,False,linker
115.0,1.0,False,False,False,linker
116.0,1.0,False,False,False,linker
117.0,1.0,False,False,False,linker
118.0,1.0,False,False,False,linker
119.0,1.0,False,False,False,linker
120.0,0.8588962399819162,False,False,False,linker
121.0,1.0,False,False,False,linker
122.0,1.0,False,False,False,linker
123.0,1.0,False,False,False,linker
124.0,1.0,False,False,False,linker
125.0,0.8122879171870452,False,False,False,linker
126.0,1.0,False,False,False,linker
127.0,1.0,False,False,False,linker
128.0,1.0,False,False,False,linker
129.0,1.0,False,False,False,linker
130.0,0.8122879171870452,False,False,False,linker
131.0,1.0,False,False,False,linker
132.0,1.0,False,False,False,linker
133.0,1.0,False,False,False,linker
134.0,0.933733983808118,False,False,False,linker
135.0,1.0,False,False,False,linker
136.0,1.0,False,False,False,linker
137.0,1.0,False,False,False,linker
138.0,1.0,False,False,False,linker
139.0,1.0,False,False,False,linker
140.0,1.0,False,False,False,linker
141.0,0.933733983808118,False,False,False,linker
142.0,1.0,False,False,False,linker
143.0,1.0,False,False,False,linker
144.0,1.0,False,False,False,linker
145.0,1.0,False,False,False,linker
146.0,1.0,False,False,False,linker
147.0,1.0,False,False,False,linker
148.0,1.0,False,False,False,linker
149.0,0.8914846375755116,False,False,False,linker
150.0,0.8914846375755116,False,False,False,linker
151.0,1.0,False,False,False,linker
152.0,0.8914846375755116,False,False,False,linker
153.0,1.0,False,False,False,linker
154.0,1.0,False,False,False,linker
155.0,1.0,False,False,False,linker
156.0,0.5878005625229856,False,False,False,linker
157.0,0.8683468162595356,False,False,False,linker
158.0,0.6671025872417933,False,False,False,linker
159.0,0.8683468162595356,False,False,False,linker
160.0,0.933733983808118,False,False,False,linker
161.0,1.0,False,False,False,linker
162.0,1.0,False,False,False,linker
163.0,1.0,False,False,False,linker
164.0,0.7702936207656454,False,False,False,linker
165.0,1.0,False,False,False,linker
166.0,1.0,False,False,False,linker
167.0,0.8588962399819162,False,False,False,linker
168.0,1.0,False,False,False,linker
169.0,1.0,False,False,False,linker
170.0,1.0,False,False,False,linker
171.0,0.933733983808118,False,False,False,linker
172.0,1.0,False,False,False,linker
173.0,1.0,False,False,False,linker
174.0,1.0,False,False,False,linker
175.0,0.8683468162595356,False,False,False,linker
176.0,0.933733983808118,False,False,False,linker
177.0,1.0,False,False,False,linker
178.0,1.0,False,False,False,linker
179.0,0.8914846375755116,False,False,False,linker
180.0,1.0,False,False,False,linker
181.0,1.0,False,False,False,linker
182.0,0.8683468162595356,False,False,False,linker
183.0,0.7954191508125421,False,False,False,linker
184.0,1.0,False,False,False,linker
185.0,1.0,False,False,False,linker
186.0,1.0,False,False,False,linker
187.0,1.0,False,False,False,linker
188.0,1.0,False,False,False,linker
189.0,1.0,False,False,False,linker
190.0,1.0,False,False,False,RBD
191.0,1.0,False,False,False,RBD
192.0,1.0,False,False,False,RBD
193.0,1.0,False,False,False,RBD
194.0,1.0,False,False,False,RBD
195.0,1.0,False,False,False,RBD
196.0,1.0,False,False,False,RBD
197.0,1.0,False,False,False,RBD
198.0,0.933733983808118,False,False,False,RBD
199.0,1.0,False,False,False,RBD
200.0,1.0,False,False,False,RBD
201.0,0.8683468162595356,False,False,False,RBD
202.0,1.0,False,False,False,RBD
203.0,0.933733983808118,False,False,False,RBD
204.0,1.0,False,False,False,RBD
205.0,1.0,False,False,False,RBD
206.0,1.0,False,False,False,RBD
207.0,1.0,False,False,False,RBD
208.0,0.933733983808118,False,False,False,RBD
209.0,1.0,False,False,False,RBD
210.0,1.0,False,False,False,RBD
211.0,1.0,False,False,False,RBD
212.0,0.933733983808118,False,False,False,RBD
213.0,1.0,False,False,False,RBD
214.0,1.0,False,False,False,RBD
215.0,0.8914846375755116,False,False,False,RBD
216.0,1.0,False,False,False,RBD
217.0,1.0,False,False,False,RBD
218.0,1.0,False,False,False,RBD
219.0,0.8914846375755116,False,False,False,RBD
220.0,1.0,False,False,False,RBD
221.0,1.0,False,False,False,RBD
222.0,1.0,False,False,False,RBD
223.0,1.0,False,False,False,RBD
224.0,1.0,False,False,False,RBD
225.0,1.0,False,False,False,RBD
226.0,1.0,False,False,False,RBD
227.0,1.0,False,False,False,RBD
228.0,1.0,False,False,False,RBD
229.0,1.0,False,False,False,RBD
230.0,1.0,False,False,False,RBD
231.0,1.0,False,False,False,RBD
232.0,1.0,False,False,False,RBD
233.0,1.0,False,False,False,RBD
234.0,1.0,False,False,False,RBD
235.0,1.0,False,False,False,RBD
236.0,0.7635481034272052,False,False,False,RBD
237.0,1.0,False,False,False,RBD
238.0,1.0,False,False,False,RBD
239.0,1.0,False,False,False,RBD
240.0,1.0,False,False,False,RBD
241.0,0.832961567375133,False,False,False,RBD
242.0,1.0,False,False,False,RBD
243.0,1.0,False,False,False,RBD
244.0,0.8588962399819162,False,False,False,RBD
245.0,1.0,False,False,False,RBD
246.0,1.0,False,False,False,RBD
247.0,1.0,False,False,False,RBD
248.0,1.0,False,False,False,RBD
249.0,1.0,False,False,False,RBD
250.0,1.0,False,False,False,RBD
251.0,1.0,False,False,False,RBD
252.0,1.0,False,False,False,RBD
253.0,1.0,False,False,False,RBD
254.0,1.0,False,False,False,RBD
255.0,1.0,False,False,False,RBD
256.0,1.0,False,False,False,RBD
257.0,1.0,False,False,False,RBD
258.0,1.0,False,False,False,RBD
259.0,1.0,False,False,False,RBD
260.0,1.0,False,False,False,RBD
261.0,0.7702936207656454,False,False,False,RBD
262.0,1.0,False,False,False,RBD
263.0,1.0,False,False,False,RBD
264.0,1.0,False,False,False,RBD
265.0,0.933733983808118,False,False,False,RBD
266.0,1.0,False,False,False,RBD
267.0,0.933733983808118,False,False,False,RBD
268.0,1.0,False,False,False,RBD
269.0,1.0,False,False,False,RBD
270.0,1.0,False,False,False,RBD
271.0,1.0,False,False,False,RBD
272.0,1.0,False,False,False,RBD
273.0,0.8588962399819162,False,False,False,RBD
274.0,1.0,False,False,False,RBD
275.0,1.0,False,False,False,RBD
276.0,1.0,False,False,False,RBD
277.0,1.0,False,False,False,RBD
278.0,1.0,False,False,False,RBD
279.0,1.0,False,False,False,RBD
280.0,0.933733983808118,False,False,False,RBD
281.0,1.0,False,False,False,RBD
282.0,0.933733983808118,False,False,False,RBD
283.0,1.0,False,False,False,RBD
284.0,1.0,False,False,False,RBD
285.0,1.0,False,False,False,RBD
286.0,1.0,False,False,False,RBD
287.0,1.0,False,False,False,RBD
288.0,1.0,False,False,False,RBD
289.0,0.8270251925965795,False,False,False,RBD
290.0,1.0,False,False,False,RBD
291.0,0.832961567375133,False,False,False,RBD
292.0,1.0,False,False,False,linker
293.0,1.0,False,False,False,linker
294.0,1.0,False,False,False,linker
295.0,0.832961567375133,False,False,False,linker
296.0,1.0,False,False,False,linker
297.0,0.933733983808118,False,False,False,linker
298.0,1.0,False,False,False,linker
299.0,0.5790673364536247,False,False,False,linker
300.0,1.0,False,False,False,linker
301.0,0.5106397482599484,False,False,False,linker
302.0,1.0,False,False,False,linker
303.0,1.0,False,False,False,linker
304.0,0.933733983808118,False,False,False,linker
305.0,1.0,False,False,False,linker
306.0,1.0,False,False,False,linker
307.0,1.0,False,False,False,linker
308.0,0.8914846375755116,False,False,False,linker
309.0,1.0,False,False,False,linker
310.0,1.0,False,False,False,linker
311.0,1.0,False,False,False,linker
312.0,1.0,False,False,False,linker
313.0,1.0,False,False,False,linker
314.0,1.0,False,False,False,linker
315.0,0.933733983808118,False,False,False,linker
316.0,0.933733983808118,False,False,False,linker
317.0,1.0,False,False,False,linker
318.0,1.0,False,False,False,linker
319.0,1.0,False,False,False,linker
320.0,1.0,False,False,False,linker
321.0,1.0,False,False,False,linker
322.0,0.7359619357783309,False,False,False,linker
323.0,0.7866859247431812,False,False,False,linker
324.0,0.7509681785316122,False,False,False,linker
325.0,1.0,False,False,False,linker
326.0,0.8683468162595356,False,False,False,linker
327.0,1.0,False,False,False,linker
328.0,1.0,False,False,False,linker
329.0,0.6551380453330582,False,False,False,linker
330.0,0.8683468162595356,False,False,False,C2
331.0,0.933733983808118,False,False,False,C2
332.0,0.8588962399819162,False,False,False,C2
333.0,0.6716661538128046,False,False,False,C2
334.0,1.0,False,False,False,C2
335.0,0.933733983808118,False,False,False,C2
336.0,1.0,False,False,False,C2
337.0,0.8122879171870452,False,False,False,C2
338.0,0.933733983808118,False,False,False,C2
339.0,1.0,False,False,False,C2
340.0,1.0,False,False,False,C2
341.0,1.0,False,False,False,C2
342.0,1.0,False,False,False,C2
343.0,1.0,False,False,False,C2
344.0,1.0,False,False,False,C2
345.0,1.0,False,False,False,C2
346.0,1.0,False,False,False,C2
347.0,1.0,False,False,False,C2
348.0,1.0,False,False,False,C2
349.0,1.0,False,False,False,C2
350.0,1.0,False,False,False,C2
351.0,1.0,False,False,False,C2
352.0,1.0,False,False,False,C2
353.0,1.0,False,False,False,C2
354.0,1.0,False,False,False,C2
355.0,1.0,False,False,False,C2
356.0,1.0,False,False,False,C2
357.0,1.0,False,False,False,C2
358.0,1.0,False,False,False,C2
359.0,1.0,False,False,False,C2
360.0,1.0,False,False,False,C2
361.0,0.8683468162595356,False,False,False,C2
362.0,1.0,False,False,False,C2
363.0,1.0,False,False,False,C2
364.0,0.933733983808118,False,False,False,C2
365.0,1.0,False,False,False,C2
366.0,0.8588962399819162,False,False,False,C2
367.0,1.0,False,False,False,C2
368.0,1.0,False,False,False,C2
369.0,1.0,False,False,False,C2
370.0,1.0,False,False,False,C2
371.0,1.0,False,False,False,C2
372.0,1.0,False,False,False,C2
373.0,1.0,False,False,False,C2
374.0,0.933733983808118,False,False,False,C2
375.0,1.0,False,False,False,C2
376.0,1.0,False,False,False,C2
377.0,1.0,False,False,False,C2
378.0,1.0,False,False,False,C2
379.0,1.0,False,False,False,C2
380.0,1.0,False,False,False,C2
381.0,1.0,False,False,False,C2
382.0,1.0,False,False,False,C2
383.0,1.0,False,False,False,C2
384.0,1.0,False,False,False,C2
385.0,1.0,False,False,False,C2
386.0,1.0,False,False,False,C2
387.0,1.0,False,False,False,C2
388.0,0.5183870985750578,False,False,False,C2
389.0,1.0,False,False,False,C2
390.0,0.933733983808118,False,False,False,C2
391.0,0.7838770023776079,False,False,False,C2
392.0,0.8270251925965795,False,False,False,C2
393.0,0.933733983808118,False,False,False,C2
394.0,0.8270251925965795,False,False,False,C2
395.0,0.933733983808118,False,False,False,C2
396.0,0.8588962399819162,False,False,False,C2
397.0,1.0,False,False,False,C2
398.0,1.0,False,False,False,C2
399.0,1.0,False,False,False,C2
400.0,1.0,False,False,False,C2
401.0,1.0,False,False,False,C2
402.0,1.0,False,False,False,C2
403.0,1.0,False,False,False,C2
404.0,1.0,False,False,False,C2
405.0,1.0,False,False,False,C2
406.0,1.0,False,False,False,C2
407.0,1.0,False,False,False,C2
408.0,1.0,False,False,False,C2
409.0,1.0,False,False,False,C2
410.0,1.0,False,False,False,C2
411.0,1.0,False,False,False,C2
412.0,1.0,False,False,False,C2
413.0,1.0,False,False,False,C2
414.0,1.0,False,False,False,C2
415.0,1.0,False,False,False,C2
416.0,1.0,False,False,False,C2
417.0,1.0,False,False,False,C2
418.0,1.0,False,False,False,C2
419.0,1.0,False,False,False,C2
420.0,1.0,False,False,False,C2
421.0,1.0,False,False,False,C2
422.0,1.0,False,False,False,C2
423.0,1.0,False,False,False,C2
424.0,1.0,False,False,False,C2
425.0,1.0,False,False,False,C2
426.0,1.0,False,False,False,C2
427.0,0.933733983808118,False,False,False,C2
428.0,1.0,False,False,False,C2
429.0,0.832961567375133,False,False,False,C2
430.0,1.0,False,False,False,C2
431.0,1.0,False,False,False,C2
432.0,1.0,False,False,False,C2
433.0,1.0,False,False,False,C2
434.0,0.8588962399819162,False,False,False,C2
435.0,1.0,False,False,False,C2
436.0,1.0,False,False,False,C2
437.0,1.0,False,False,False,C2
438.0,0.8914846375755116,False,False,False,C2
439.0,1.0,False,False,False,C2
440.0,1.0,False,False,False,C2
441.0,1.0,False,False,False,C2
442.0,1.0,False,False,False,C2
443.0,1.0,False,False,False,C2
444.0,1.0,False,False,False,C2
445.0,1.0,False,False,False,C2
446.0,1.0,False,False,False,C2
447.0,0.8914846375755116,False,False,False,C2
448.0,1.0,False,False,False,C2
449.0,1.0,False,False,False,C2
450.0,1.0,False,False,False,C2
451.0,1.0,False,False,False,C2
452.0,0.933733983808118,False,False,False,C2
453.0,1.0,False,False,False,C2
454.0,1.0,False,False,False,C2
455.0,1.0,False,False,False,C2
456.0,1.0,False,False,False,C2
457.0,1.0,False,False,False,C2
458.0,1.0,False,False,False,C2
459.0,1.0,False,False,False,C2
460.0,1.0,False,False,False,C2
461.0,0.933733983808118,False,False,False,C2
462.0,0.933733983808118,False,False,False,C2
463.0,1.0,False,False,False,C2
464.0,1.0,False,False,False,C2
465.0,1.0,False,False,False,C2
466.0,1.0,False,False,False,C2
467.0,1.0,False,False,False,C2
468.0,1.0,False,False,False,C2
469.0,1.0,False,False,False,C2
470.0,1.0,False,False,False,C2
471.0,1.0,False,False,False,C2
472.0,1.0,False,False,False,C2
473.0,1.0,False,False,False,C2
474.0,1.0,False,False,False,C2
475.0,1.0,False,False,False,C2
476.0,1.0,False,False,False,C2
477.0,1.0,False,False,False,C2
478.0,0.8588962399819162,False,False,False,C2
479.0,0.7404102821112294,False,False,False,C2
480.0,1.0,False,False,False,C2
481.0,0.933733983808118,False,False,False,linker
482.0,0.7954191508125421,False,False,False,linker
483.0,0.7702936207656454,False,False,False,linker
484.0,1.0,False,False,False,linker
485.0,1.0,False,False,False,linker
486.0,0.933733983808118,False,False,False,linker
487.0,1.0,False,False,False,linker
488.0,1.0,False,False,False,linker
489.0,1.0,False,False,False,linker
490.0,0.7040908883929942,False,False,False,linker
491.0,0.7011148450829007,False,False,False,linker
492.0,0.933733983808118,False,False,False,linker
493.0,1.0,False,False,False,linker
494.0,0.832961567375133,False,False,False,linker
495.0,1.0,False,False,False,linker
496.0,1.0,False,False,False,linker
497.0,1.0,False,False,False,linker
498.0,0.8683468162595356,False,False,False,linker
499.0,0.5559295151376489,False,False,False,linker
500.0,0.7359619357783309,False,False,False,linker
501.0,0.933733983808118,False,False,False,linker
502.0,1.0,False,False,False,linker
503.0,1.0,False,False,False,linker
504.0,0.6907244978235754,False,False,False,linker
505.0,1.0,False,False,False,linker
506.0,0.8270251925965795,False,False,False,linker
507.0,0.7702936207656454,False,False,False,linker
508.0,1.0,False,False,False,linker
509.0,0.8270251925965795,False,False,False,linker
510.0,0.7866859247431812,False,False,False,linker
511.0,0.7323463916913715,False,False,False,linker
512.0,1.0,False,False,False,linker
513.0,0.8683468162595356,False,False,False,linker
514.0,1.0,False,False,False,linker
515.0,0.8588962399819162,False,False,False,linker
516.0,1.0,False,False,False,linker
517.0,0.7092085703753954,False,False,False,linker
518.0,0.933733983808118,False,False,False,linker
519.0,1.0,False,False,False,linker
520.0,0.933733983808118,False,False,False,linker
521.0,0.8683468162595356,False,False,False,linker
522.0,0.7635481034272052,False,False,False,linker
523.0,0.8270251925965795,False,False,False,linker
524.0,0.832961567375133,False,False,False,linker
525.0,0.8588962399819162,False,False,False,Helical
526.0,0.6722198410076573,False,False,False,Helical
527.0,1.0,False,False,False,Helical
528.0,0.8270251925965795,False,False,False,Helical
529.0,0.933733983808118,False,False,False,Helical
530.0,1.0,False,False,False,Helical
531.0,1.0,False,False,False,Helical
532.0,0.7509681785316122,False,False,False,Helical
533.0,0.8588962399819162,False,False,False,Helical
534.0,0.7266750225141172,False,False,False,Helical
535.0,0.713979449163874,False,False,False,Helical
536.0,0.832961567375133,False,False,False,Helical
537.0,1.0,False,False,False,Helical
538.0,1.0,False,False,False,Helical
539.0,1.0,False,False,False,Helical
540.0,1.0,False,False,False,Helical
541.0,1.0,False,False,False,Helical
542.0,1.0,False,False,True,Helical
543.0,1.0,False,False,False,Helical
544.0,1.0,False,False,False,Helical
545.0,1.0,False,False,True,Helical
546.0,1.0,False,False,False,Helical
547.0,1.0,False,False,False,Helical
548.0,1.0,False,False,False,Helical
549.0,0.933733983808118,False,False,False,Helical
550.0,1.0,False,False,False,Helical
551.0,1.0,False,False,False,Helical
552.0,1.0,False,False,False,Helical
553.0,0.832961567375133,False,False,False,Helical
554.0,0.933733983808118,False,False,False,Helical
555.0,1.0,False,False,False,Helical
556.0,0.7954191508125421,False,False,False,Helical
557.0,0.8038873712806035,False,False,False,Helical
558.0,1.0,False,False,False,Helical
559.0,0.8038873712806035,False,False,False,Helical
560.0,0.7178942643494802,False,False,False,Helical
561.0,0.7242526663988765,False,False,False,Helical
562.0,1.0,False,False,False,Helical
563.0,1.0,False,False,False,Helical
564.0,0.933733983808118,False,False,False,Helical
565.0,1.0,False,False,False,Helical
566.0,1.0,False,False,False,Helical
567.0,1.0,False,False,False,Helical
568.0,0.8588962399819162,False,False,False,Helical
569.0,1.0,False,False,False,Helical
570.0,1.0,False,False,False,Helical
571.0,0.8588962399819162,False,False,False,Helical
572.0,1.0,False,False,False,Helical
573.0,1.0,False,False,False,Helical
574.0,1.0,False,False,False,Helical
575.0,1.0,False,False,False,Helical
576.0,0.933733983808118,False,False,False,Helical
577.0,1.0,False,False,False,Helical
578.0,1.0,False,False,False,Helical
579.0,0.8914846375755116,False,False,False,Helical
580.0,0.8683468162595356,False,False,False,Helical
581.0,0.933733983808118,False,False,False,Helical
582.0,1.0,False,False,False,Helical
583.0,1.0,False,False,False,Helical
584.0,1.0,False,False,False,Helical
585.0,1.0,False,False,False,Helical
586.0,1.0,False,False,False,Helical
587.0,0.7509681785316122,False,False,False,Helical
588.0,1.0,False,False,False,Helical
589.0,0.933733983808118,False,False,False,Helical
590.0,1.0,False,False,False,Helical
591.0,1.0,False,False,False,Helical
592.0,0.832961567375133,False,False,False,Helical
593.0,1.0,False,False,False,Helical
594.0,0.8914846375755116,False,False,False,Helical
595.0,1.0,False,False,False,Helical
596.0,1.0,False,False,False,Helical
597.0,0.933733983808118,False,False,False,Helical
598.0,1.0,False,False,False,Helical
599.0,1.0,False,False,False,Helical
600.0,1.0,False,False,False,Helical
601.0,1.0,False,False,False,Helical
602.0,1.0,False,False,False,Helical
603.0,1.0,False,False,False,Helical
604.0,0.933733983808118,False,False,False,Helical
605.0,1.0,False,False,False,Helical
606.0,0.8914846375755116,False,False,False,Helical
607.0,1.0,False,False,False,Helical
608.0,1.0,False,False,False,Helical
609.0,0.933733983808118,False,False,False,Helical
610.0,0.933733983808118,False,False,False,Helical
611.0,0.8588962399819162,False,False,False,Helical
612.0,1.0,False,False,False,Helical
613.0,0.5090320689514702,False,False,False,Helical
614.0,1.0,False,False,False,Helical
615.0,1.0,False,False,False,Helical
616.0,0.933733983808118,False,False,False,Helical
617.0,0.8270251925965795,False,False,False,Helical
618.0,1.0,False,False,False,Helical
619.0,1.0,False,False,False,Helical
620.0,1.0,False,False,False,Helical
621.0,1.0,False,False,False,Helical
622.0,1.0,False,False,False,Helical
623.0,1.0,False,False,False,Helical
624.0,1.0,False,False,False,Helical
625.0,1.0,False,False,False,Helical
626.0,1.0,False,False,False,Helical
627.0,1.0,False,False,False,Helical
628.0,1.0,False,False,False,Helical
629.0,1.0,False,False,False,Helical
630.0,1.0,False,False,False,Helical
631.0,1.0,False,False,False,Helical
632.0,1.0,False,False,False,Helical
633.0,1.0,False,False,False,Helical
634.0,1.0,False,False,False,Helical
635.0,1.0,False,False,False,Helical
636.0,1.0,False,False,False,Helical
637.0,1.0,False,False,False,Helical
638.0,1.0,False,False,False,Helical
639.0,0.933733983808118,False,False,False,Helical
640.0,1.0,False,False,False,Helical
641.0,1.0,False,False,False,Helical
642.0,1.0,False,False,False,Helical
643.0,1.0,False,False,False,Helical
644.0,1.0,False,False,False,Helical
645.0,1.0,False,False,False,Helical
646.0,1.0,False,False,False,Helical
647.0,1.0,False,False,False,Helical
648.0,0.6722198410076573,False,False,False,Helical
649.0,1.0,False,False,False,Helical
650.0,0.8914846375755116,False,False,False,Helical
651.0,1.0,False,False,False,Helical
652.0,1.0,False,False,False,Helical
653.0,1.0,False,False,False,Helical
654.0,1.0,False,False,False,Helical
655.0,1.0,False,False,False,Helical
656.0,0.933733983808118,False,False,False,Helical
657.0,1.0,False,False,False,Helical
658.0,1.0,False,False,False,Helical
659.0,0.933733983808118,False,False,False,Helical
660.0,1.0,False,False,False,Helical
661.0,1.0,False,False,False,Helical
662.0,1.0,False,False,False,Helical
663.0,1.0,False,False,False,Helical
664.0,1.0,False,False,False,Helical
665.0,1.0,False,False,False,Helical
666.0,1.0,False,False,False,Helical
667.0,1.0,False,False,False,Helical
668.0,1.0,False,False,False,Helical
669.0,1.0,False,False,False,Helical
670.0,1.0,False,False,False,Helical
671.0,1.0,False,False,False,Helical
672.0,1.0,False,False,False,Helical
673.0,1.0,False,False,False,Helical
674.0,1.0,False,False,False,Helical
675.0,1.0,False,False,False,Helical
676.0,1.0,False,False,False,Helical
677.0,1.0,False,False,False,Helical
678.0,1.0,False,False,False,Helical
679.0,0.933733983808118,False,False,False,Helical
680.0,1.0,False,False,False,Helical
681.0,0.933733983808118,False,False,False,Helical
682.0,1.0,False,False,False,Helical
683.0,1.0,False,False,False,Helical
684.0,1.0,False,False,False,Helical
685.0,1.0,False,False,False,Helical
686.0,1.0,False,False,False,Helical
687.0,1.0,False,False,False,Helical
688.0,1.0,False,False,False,Helical
689.0,1.0,False,False,False,Helical
690.0,1.0,False,False,False,Helical
691.0,1.0,False,False,False,Helical
692.0,1.0,False,False,False,Helical
693.0,1.0,False,False,False,Helical
694.0,1.0,False,False,False,Helical
695.0,1.0,False,False,False,Helical
696.0,1.0,False,False,False,Helical
697.0,1.0,False,False,False,Kinase
698.0,1.0,False,False,False,Kinase
699.0,1.0,False,False,False,Kinase
700.0,1.0,False,False,False,Kinase
701.0,1.0,False,False,False,Kinase
702.0,1.0,False,False,False,Kinase
703.0,0.7753431863886728,False,False,False,Kinase
704.0,0.933733983808118,False,False,False,Kinase
705.0,1.0,False,False,False,Kinase
706.0,1.0,False,False,False,Kinase
707.0,1.0,False,False,False,Kinase
708.0,1.0,False,False,False,Kinase
709.0,1.0,False,False,False,Kinase
710.0,1.0,False,False,False,Kinase
711.0,1.0,False,False,False,Kinase
712.0,1.0,False,False,False,Kinase
713.0,1.0,False,False,False,Kinase
714.0,1.0,False,False,False,Kinase
715.0,1.0,False,False,False,Kinase
716.0,1.0,False,False,False,Kinase
717.0,1.0,False,False,False,Kinase
718.0,0.8914846375755116,False,False,False,Kinase
719.0,1.0,False,False,False,Kinase
720.0,1.0,False,False,False,Kinase
721.0,1.0,False,False,False,Kinase
722.0,1.0,False,False,False,Kinase
723.0,1.0,False,False,False,Kinase
724.0,1.0,False,False,False,Kinase
725.0,1.0,False,False,False,Kinase
726.0,1.0,False,True,False,Kinase
727.0,0.8914846375755116,False,False,False,Kinase
728.0,1.0,False,False,False,Kinase
729.0,1.0,False,False,False,Kinase
730.0,1.0,False,False,False,Kinase
731.0,1.0,False,False,False,Kinase
732.0,1.0,False,False,False,Kinase
733.0,1.0,False,False,False,Kinase
734.0,1.0,False,False,False,Kinase
735.0,1.0,False,False,False,Kinase
736.0,1.0,False,False,False,Kinase
737.0,1.0,False,False,False,Kinase
738.0,1.0,False,False,False,Kinase
739.0,1.0,False,False,False,Kinase
740.0,0.8914846375755116,False,False,False,Kinase
741.0,0.8588962399819162,False,False,False,Kinase
742.0,1.0,False,False,False,Kinase
743.0,1.0,False,False,False,Kinase
744.0,0.8122879171870452,False,False,False,Kinase
745.0,1.0,False,False,False,Kinase
746.0,1.0,False,False,False,Kinase
747.0,1.0,False,False,False,Kinase
748.0,1.0,False,False,False,Kinase
749.0,1.0,False,False,False,Kinase
750.0,0.8270251925965795,False,False,False,Kinase
751.0,1.0,False,False,False,Kinase
752.0,0.6671025872417933,False,False,False,Kinase
753.0,1.0,False,False,False,Kinase
754.0,1.0,False,False,False,Kinase
755.0,1.0,False,False,False,Kinase
756.0,1.0,False,False,False,Kinase
757.0,1.0,False,False,False,Kinase
758.0,1.0,False,False,False,Kinase
759.0,1.0,False,False,False,Kinase
760.0,1.0,False,False,False,Kinase
761.0,1.0,False,False,False,Kinase
762.0,1.0,False,False,False,Kinase
763.0,0.933733983808118,False,False,False,Kinase
764.0,1.0,False,False,False,Kinase
765.0,1.0,False,False,False,Kinase
766.0,1.0,False,False,False,Kinase
767.0,1.0,False,False,False,Kinase
768.0,0.933733983808118,False,False,False,Kinase
769.0,1.0,False,False,False,Kinase
770.0,1.0,False,False,False,Kinase
771.0,0.8914846375755116,False,False,False,Kinase
772.0,1.0,False,False,False,Kinase
773.0,1.0,False,False,False,Kinase
774.0,1.0,False,False,False,Kinase
775.0,1.0,False,False,False,Kinase
776.0,1.0,False,False,False,Kinase
777.0,1.0,False,False,False,Kinase
778.0,1.0,False,False,False,Kinase
779.0,1.0,False,False,False,Kinase
780.0,1.0,False,True,False,Kinase
781.0,1.0,False,False,False,Kinase
782.0,1.0,False,False,False,Kinase
783.0,1.0,False,False,False,Kinase
784.0,1.0,False,False,False,Kinase
785.0,1.0,False,False,False,Kinase
786.0,1.0,False,False,False,Kinase
787.0,1.0,False,False,False,Kinase
788.0,0.8914846375755116,False,False,False,Kinase
789.0,1.0,False,False,False,Kinase
790.0,1.0,False,False,False,Kinase
791.0,1.0,False,False,False,Kinase
792.0,0.933733983808118,False,False,False,Kinase
793.0,1.0,False,False,False,Kinase
794.0,1.0,False,False,False,Kinase
795.0,0.933733983808118,False,False,False,Kinase
796.0,1.0,False,False,False,Kinase
797.0,1.0,False,False,False,Kinase
798.0,1.0,False,False,False,Kinase
799.0,1.0,False,False,False,Kinase
800.0,1.0,False,False,False,Kinase
801.0,1.0,False,False,False,Kinase
802.0,1.0,False,False,False,Kinase
803.0,1.0,False,False,False,Kinase
804.0,1.0,False,False,False,Kinase
805.0,1.0,False,False,False,Kinase
806.0,0.933733983808118,False,False,False,Kinase
807.0,0.933733983808118,False,False,False,Kinase
808.0,0.933733983808118,False,False,False,Kinase
809.0,0.933733983808118,False,False,False,Kinase
810.0,0.933733983808118,False,False,False,Kinase
811.0,0.933733983808118,False,False,False,Kinase
812.0,0.933733983808118,False,False,False,Kinase
813.0,0.933733983808118,False,False,False,Kinase
814.0,0.933733983808118,False,False,False,Kinase
815.0,0.933733983808118,False,False,False,Kinase
816.0,0.933733983808118,False,False,False,Kinase
817.0,1.0,False,True,False,Kinase
818.0,0.933733983808118,False,False,False,Kinase
819.0,0.933733983808118,False,False,False,Kinase
820.0,0.933733983808118,False,False,False,Kinase
821.0,0.933733983808118,False,False,False,Kinase
822.0,1.0,False,False,False,Kinase
823.0,0.933733983808118,False,False,False,Kinase
824.0,0.933733983808118,False,False,False,Kinase
825.0,1.0,False,False,False,Kinase
826.0,0.933733983808118,False,False,False,Kinase
827.0,0.933733983808118,False,False,False,Kinase
828.0,0.933733983808118,False,False,False,Kinase
829.0,1.0,False,False,False,Kinase
830.0,0.933733983808118,False,False,False,Kinase
831.0,0.933733983808118,False,False,False,Kinase
832.0,1.0,False,False,False,Kinase
833.0,1.0,False,False,False,Kinase
834.0,1.0,False,False,False,Kinase
835.0,1.0,False,False,False,Kinase
836.0,1.0,False,False,False,Kinase
837.0,1.0,False,False,False,Kinase
838.0,1.0,False,False,False,Kinase
839.0,1.0,False,False,False,Kinase
840.0,1.0,False,False,False,Kinase
841.0,1.0,False,False,False,Kinase
842.0,1.0,False,False,False,Kinase
843.0,1.0,False,False,False,Kinase
844.0,1.0,False,False,False,Kinase
845.0,1.0,False,False,False,Kinase
846.0,1.0,False,False,False,Kinase
847.0,1.0,False,False,False,Kinase
848.0,1.0,False,False,False,Kinase
849.0,1.0,False,False,False,Kinase
850.0,1.0,False,False,False,Kinase
851.0,1.0,False,False,False,Kinase
852.0,1.0,False,False,False,Kinase
853.0,0.7705283090308284,False,False,False,Kinase
854.0,1.0,False,False,False,Kinase
855.0,1.0,False,False,False,Kinase
856.0,1.0,False,False,False,Kinase
857.0,1.0,False,False,False,Kinase
858.0,1.0,False,False,False,Kinase
859.0,1.0,False,True,False,Kinase
860.0,1.0,False,False,False,Kinase
861.0,1.0,False,False,False,Kinase
862.0,1.0,False,False,False,Kinase
863.0,1.0,False,False,False,Kinase
864.0,1.0,False,False,False,Kinase
865.0,1.0,False,False,False,Kinase
866.0,1.0,False,False,False,Kinase
867.0,1.0,False,False,False,Kinase
868.0,1.0,False,False,False,Kinase
869.0,1.0,False,False,False,Kinase
870.0,1.0,False,False,False,Kinase
871.0,1.0,False,False,False,Kinase
872.0,1.0,False,False,False,Kinase
873.0,1.0,False,False,False,Kinase
874.0,1.0,False,False,False,Kinase
875.0,0.933733983808118,False,False,False,Kinase
876.0,0.933733983808118,False,False,False,Kinase
877.0,1.0,False,False,False,Kinase
878.0,1.0,False,False,False,Kinase
879.0,1.0,False,False,False,Kinase
880.0,1.0,False,False,False,Kinase
881.0,0.933733983808118,False,False,False,Kinase
882.0,1.0,False,False,False,Kinase
883.0,1.0,False,False,False,Kinase
884.0,1.0,False,False,False,Kinase
885.0,1.0,False,False,False,Kinase
886.0,1.0,False,False,False,Kinase
887.0,1.0,False,False,False,Kinase
888.0,1.0,False,False,False,Kinase
889.0,0.725035598546792,False,False,False,Kinase
890.0,1.0,False,False,False,Kinase
891.0,1.0,False,False,False,Kinase
892.0,0.7635481034272052,False,False,False,Kinase
893.0,1.0,False,False,False,Kinase
894.0,1.0,False,False,False,Kinase
895.0,1.0,False,False,False,Kinase
896.0,1.0,False,False,False,Kinase
897.0,1.0,False,False,False,Kinase
898.0,1.0,False,False,False,Kinase
899.0,1.0,False,False,False,Kinase
900.0,1.0,False,False,False,Kinase
901.0,1.0,False,False,False,Kinase
902.0,1.0,False,False,False,Kinase
903.0,1.0,False,False,False,Kinase
904.0,1.0,False,False,False,Kinase
905.0,1.0,False,False,False,Kinase
906.0,1.0,False,False,False,Kinase
907.0,1.0,False,False,False,Kinase
908.0,1.0,False,False,False,Kinase
909.0,1.0,False,False,False,Kinase
910.0,1.0,False,False,False,Kinase
911.0,1.0,False,False,False,Kinase
912.0,1.0,False,False,False,Kinase
913.0,1.0,False,False,False,Kinase
914.0,1.0,False,False,False,Kinase
915.0,1.0,False,False,False,Kinase
916.0,1.0,False,False,False,Kinase
917.0,1.0,False,False,False,Kinase
918.0,1.0,False,False,False,Kinase
919.0,1.0,False,False,False,Kinase
920.0,1.0,False,False,False,Kinase
921.0,1.0,False,False,False,Kinase
922.0,1.0,False,False,False,Kinase
923.0,1.0,False,False,False,Kinase
924.0,1.0,False,False,False,Kinase
925.0,0.933733983808118,False,False,False,Kinase
926.0,0.933733983808118,False,False,False,Kinase
927.0,1.0,False,False,False,Kinase
928.0,1.0,False,False,False,Kinase
929.0,1.0,False,False,False,Kinase
930.0,1.0,False,False,False,Kinase
931.0,1.0,False,False,False,Kinase
932.0,1.0,False,False,False,Kinase
933.0,1.0,False,False,False,Kinase
934.0,1.0,False,False,False,Kinase
935.0,1.0,False,False,False,Kinase
936.0,1.0,False,False,False,Kinase
937.0,1.0,False,False,False,Kinase
938.0,1.0,False,False,False,Kinase
939.0,1.0,False,False,False,Kinase
940.0,1.0,False,False,False,Kinase
941.0,1.0,False,False,False,Kinase
942.0,1.0,False,False,False,Kinase
943.0,1.0,False,False,False,Kinase
944.0,1.0,False,False,False,Kinase
945.0,1.0,False,False,False,Kinase
946.0,1.0,False,False,False,Kinase
947.0,1.0,False,False,False,Kinase
948.0,1.0,False,False,False,Kinase
949.0,1.0,False,False,False,Kinase
950.0,1.0,False,False,False,Kinase
951.0,1.0,False,False,False,Kinase
952.0,1.0,False,False,False,Kinase
953.0,1.0,False,False,False,Kinase
954.0,1.0,False,False,False,Kinase
955.0,1.0,False,False,False,Kinase
956.0,1.0,False,False,False,Kinase
957.0,1.0,False,False,False,Kinase
958.0,1.0,False,False,False,Kinase
959.0,1.0,False,False,False,Kinase
960.0,1.0,False,False,False,Kinase
961.0,1.0,False,False,False,Kinase
962.0,1.0,False,False,False,Kinase
963.0,1.0,False,False,False,Kinase
964.0,1.0,False,False,False,Kinase
965.0,1.0,False,False,False,Kinase
966.0,1.0,False,False,False,Kinase
967.0,1.0,False,False,False,Kinase
968.0,0.8270251925965795,False,False,False,Kinase
969.0,1.0,False,False,False,Kinase
970.0,1.0,False,False,False,Kinase
971.0,0.8914846375755116,False,False,False,Kinase
972.0,1.0,False,False,False,Kinase
973.0,1.0,False,False,False,Kinase
974.0,1.0,False,False,False,Kinase
975.0,1.0,False,False,False,Kinase
976.0,0.933733983808118,False,False,False,Kinase
977.0,1.0,False,False,False,Kinase
978.0,1.0,False,False,False,Kinase
979.0,1.0,False,False,False,Kinase
980.0,1.0,False,False,False,Kinase
981.0,1.0,False,False,False,Kinase
982.0,1.0,False,False,False,Kinase
983.0,0.8683468162595356,False,False,False,Kinase
984.0,1.0,False,False,False,Kinase
985.0,0.933733983808118,False,False,False,Kinase
986.0,1.0,False,False,False,Kinase
987.0,0.933733983808118,False,False,False,Kinase
988.0,1.0,False,False,False,Kinase
989.0,1.0,False,False,False,Kinase
990.0,1.0,False,False,False,Kinase
991.0,1.0,False,False,False,Kinase
992.0,1.0,False,False,False,Kinase
993.0,1.0,False,False,False,Kinase
994.0,0.933733983808118,False,False,False,Kinase
995.0,0.933733983808118,False,False,False,Kinase
996.0,1.0,False,False,False,Kinase
997.0,1.0,False,False,False,Kinase
998.0,1.0,False,False,False,Kinase
999.0,1.0,False,False,False,Kinase
1000.0,1.0,False,False,False,Kinase
1001.0,1.0,False,False,False,Kinase
1002.0,1.0,False,False,False,Kinase
1003.0,1.0,False,False,False,Kinase
1004.0,1.0,False,False,False,Kinase
1005.0,1.0,False,False,False,Kinase
1006.0,1.0,False,False,False,Kinase
1007.0,1.0,False,False,False,Kinase
1008.0,1.0,False,False,False,Kinase
1009.0,1.0,False,False,False,Kinase
1010.0,1.0,False,False,False,Kinase
1011.0,1.0,False,False,False,Kinase
1012.0,1.0,False,False,False,Kinase
1013.0,1.0,False,False,False,Kinase
1014.0,1.0,False,False,False,Kinase
1015.0,1.0,False,False,False,Kinase
1016.0,1.0,False,False,False,Kinase
1017.0,1.0,False,False,False,Kinase
1018.0,1.0,False,False,False,Kinase
1019.0,1.0,False,False,False,Kinase
1020.0,1.0,False,False,False,Kinase
1021.0,1.0,False,False,False,Kinase
1022.0,1.0,False,False,False,Kinase
1023.0,1.0,False,False,False,Kinase
1024.0,1.0,False,False,False,Kinase
1025.0,1.0,False,False,False,Kinase
1026.0,1.0,False,False,False,Kinase
1027.0,1.0,False,False,False,Kinase
1028.0,1.0,False,False,False,Kinase
1029.0,1.0,False,False,False,Kinase
1030.0,1.0,False,False,False,Kinase
1031.0,0.8876749566194332,False,False,False,Kinase
1032.0,1.0,False,False,False,Kinase
1033.0,0.933733983808118,False,False,False,Kinase
1034.0,1.0,False,False,False,Kinase
1035.0,1.0,False,False,False,Kinase
1036.0,1.0,False,False,False,Kinase
1037.0,0.8588962399819162,False,False,False,Kinase
1038.0,1.0,False,False,False,Kinase
1039.0,1.0,False,False,False,Kinase
1040.0,0.8270251925965795,False,False,False,Kinase
1041.0,1.0,False,False,False,Kinase
1042.0,0.933733983808118,False,False,False,Kinase
1043.0,1.0,False,False,False,Kinase
1044.0,1.0,False,False,False,Kinase
1045.0,0.933733983808118,False,False,False,Kinase
1046.0,1.0,False,False,False,Kinase
1047.0,1.0,False,False,True,Kinase
1048.0,0.933733983808118,False,False,False,Kinase
1049.0,0.933733983808118,False,False,False,Kinase
1050.0,1.0,False,False,False,Kinase
1051.0,1.0,False,False,False,Kinase
1052.0,1.0,False,False,False,Kinase
1053.0,0.933733983808118,False,False,False,Kinase
1054.0,1.0,False,False,False,Kinase
1055.0,0.933733983808118,False,False,False,Kinase
1056.0,0.933733983808118,False,False,False,Kinase
1057.0,0.933733983808118,False,False,False,Kinase
1058.0,0.933733983808118,False,False,False,Kinase
1059.0,0.933733983808118,False,False,False,Kinase
1060.0,0.933733983808118,False,False,False,Kinase
1061.0,0.933733983808118,False,False,False,Kinase
1062.0,1.0,False,False,False,Kinase
1063.0,0.832961567375133,False,False,False,Kinase
1064.0,0.8914846375755116,False,False,False,Kinase
1065.0,1.0,False,False,False,Kinase
1066.0,1.0,False,False,False,Kinase
1067.0,0.820856968020092,False,False,False,Kinase
1068.0,1.0,False,False,False,Kinase
